{
  "roc_auc": 0.932226,
  "pr_auc": 0.87188,
  "accuracy": 0.870208,
  "timestamp": 1756307015,
  "git_sha": "28a84a1",
  "test_size": 0.2,
  "random_state": 42,
  "model": "xgboost"
}